family,n,seed,kind,poly,k,degree,op_norm,max_on_W,ratio,num_radius,mat_norm,dfn,method,extra
nilpotent_shift,2,det,scalar,z,1,1,1.0,0.5000000000000003,1.9999999999999987,0.5000000000000003,1.0,1.4142135623730951,johnson,exact_target=2
nilpotent_shift,3,det,scalar,z,1,1,1.0,0.7071067811865479,1.4142135623730943,0.7071067811865479,1.0,1.4142135623730951,johnson,theory_w=0.7071067812
nilpotent_shift,2,det,scalar,z,1,1,1.0,0.5000000000000003,1.9999999999999987,0.5000000000000003,1.0,1.4142135623730951,johnson,theory_w=0.5000000000
nilpotent_shift,2,det,scalar,z^1,1,1,1.0,0.5000000000000003,1.9999999999999987,0.5000000000000003,1.0,1.4142135623730951,johnson,theory_w=0.5000000000
nilpotent_shift,3,det,scalar,z,1,1,1.0,0.7071067811865479,1.4142135623730943,0.7071067811865479,1.0,1.4142135623730951,johnson,theory_w=0.7071067812
nilpotent_shift,3,det,scalar,z^2,1,2,1.0,0.5000000000000006,1.9999999999999978,0.7071067811865479,1.0,1.4142135623730951,johnson,theory_w=0.7071067812
nilpotent_shift,4,det,scalar,z,1,1,1.0,0.8090169943749479,1.236067977499789,0.8090169943749479,1.0,1.4142135623730951,johnson,theory_w=0.8090169944
nilpotent_shift,4,det,scalar,z^3,1,3,1.0,0.5295084971874745,1.8885438199983147,0.8090169943749479,1.0,1.4142135623730951,johnson,theory_w=0.8090169944
nilpotent_shift,5,det,scalar,z,1,1,1.0,0.8660254037844392,1.1547005383792508,0.8660254037844392,1.0,1.4142135623730951,johnson,theory_w=0.8660254038
nilpotent_shift,5,det,scalar,z^4,1,4,1.0,0.5625000000000011,1.7777777777777743,0.8660254037844392,1.0,1.4142135623730951,johnson,theory_w=0.8660254038
nilpotent_shift,6,det,scalar,z,1,1,1.0,0.9009688679024196,1.1099162641747418,0.9009688679024196,1.0,1.4142135623730951,johnson,theory_w=0.9009688679
nilpotent_shift,6,det,scalar,z^5,1,5,1.0,0.593675221684191,1.6844226665938837,0.9009688679024196,1.0,1.4142135623730951,johnson,theory_w=0.9009688679
nilpotent_shift,7,det,scalar,z,1,1,1.0,0.9238795325112873,1.0823922002923934,0.9238795325112873,1.0,1.4142135623730951,johnson,theory_w=0.9238795325
nilpotent_shift,7,det,scalar,z^6,1,6,1.0,0.6218592167691165,1.6080810142133495,0.9238795325112873,1.0,1.4142135623730951,johnson,theory_w=0.9238795325
nilpotent_shift,8,det,scalar,z,1,1,1.0,0.9396926207859089,1.0641777724759116,0.9396926207859089,1.0,1.4142135623730951,johnson,theory_w=0.9396926208
nilpotent_shift,8,det,scalar,z^7,1,7,1.0,0.6469946881362414,1.5456077435204911,0.9396926207859089,1.0,1.4142135623730951,johnson,theory_w=0.9396926208
nilpotent_shift,9,det,scalar,z,1,1,1.0,0.9510565162951541,1.0514622242382667,0.9510565162951541,1.0,1.4142135623730951,johnson,theory_w=0.9510565163
nilpotent_shift,9,det,scalar,z^8,1,8,1.0,0.6693458951415736,1.493995865603224,0.9510565162951541,1.0,1.4142135623730951,johnson,theory_w=0.9510565163
nilpotent_shift,10,det,scalar,z,1,1,1.0,0.9594929736144979,1.042217116226405,0.9594929736144979,1.0,1.4142135623730951,johnson,theory_w=0.9594929736
nilpotent_shift,10,det,scalar,z^9,1,9,1.0,0.6892490697453968,1.4508543339338742,0.9594929736144979,1.0,1.4142135623730951,johnson,theory_w=0.9594929736
nilpotent_shift,11,det,scalar,z,1,1,1.0,0.9659258262890689,1.0352761804100825,0.9659258262890689,1.0,1.4142135623730951,johnson,theory_w=0.9659258263
nilpotent_shift,11,det,scalar,z^10,1,10,1.0,0.707029901154199,1.4143673391571399,0.9659258262890689,1.0,1.4142135623730951,johnson,theory_w=0.9659258263
nilpotent_shift,12,det,scalar,z,1,1,1.0,0.9709418174260527,1.0299278309497266,0.9709418174260527,1.0,1.4142135623730951,johnson,theory_w=0.9709418174
nilpotent_shift,12,det,scalar,z^11,1,11,1.0,0.7229783078667816,1.3831673635556203,0.9709418174260527,1.0,1.4142135623730951,johnson,theory_w=0.9709418174
random_triangular,2,2,scalar,z^1,1,1,3.0665316067612354,2.5775230175865276,1.1897203578156956,2.5787119591249645,3.0665316067612354,9.339060433347257,mc_legacy,original_harness_reproduction
random_triangular,2,2,scalar,z^1,1,1,3.0665316067612354,2.5787119591249645,1.1891718250695216,2.5787119591249645,3.0665316067612354,9.339060433347257,johnson,johnson_correction_of_legacy
random_triangular,3,3,scalar,z^2,1,2,21.09173749691962,20.53063999490029,1.0273297618661037,4.640652438510777,4.973436142930604,18.66140855986333,mc_legacy,original_harness_reproduction
random_triangular,3,3,scalar,z^2,1,2,21.09173749691962,21.535655055056026,0.97938685603008,4.640652438510777,4.973436142930604,18.66140855986333,johnson,johnson_correction_of_legacy
random_triangular,4,4,scalar,z^3,1,3,79.72366062845853,61.053601902337945,1.3057978259167318,4.347272422132493,4.780639237267338,20.942729625153262,mc_legacy,original_harness_reproduction
random_triangular,4,4,scalar,z^3,1,3,79.72366062845853,82.15813429095134,0.9703684402828396,4.347272422132493,4.780639237267338,20.942729625153262,johnson,johnson_correction_of_legacy
random_triangular,8,8,scalar,z^7,1,7,151690.05427794566,23281.533348894263,6.515466657832915,6.155505786304774,7.328479873401633,68.0499031409793,mc_legacy,original_harness_reproduction
random_triangular,8,8,scalar,z^7,1,7,151690.05427794566,334846.84189409623,0.4530132445624841,6.155505786304774,7.328479873401633,68.0499031409793,johnson,johnson_correction_of_legacy
weighted_shift,4,det,scalar,z,1,1,1.0,0.5643334893882308,1.7720018726587645,0.5643334893882308,1.0,1.2625909085959457,johnson,
weighted_shift,4,det,scalar,z^3,1,3,0.16666666666666666,0.1797245771344762,0.9273448813957194,0.5643334893882308,1.0,1.2625909085959457,johnson,
weighted_shift,8,det,scalar,z,1,1,1.0,0.5646375328137694,1.7710476932283978,0.5646375328137694,1.0,1.2590788699053852,johnson,
weighted_shift,8,det,scalar,z^7,1,7,0.00019841269841269839,0.01829735033873768,0.010843794032441678,0.5646375328137694,1.0,1.2590788699053852,johnson,
weighted_shift,12,det,scalar,z,1,1,1.0,0.5646375328628486,1.7710476930744554,0.5646375328628486,1.0,1.258957328806749,johnson,
weighted_shift,12,det,scalar,z^11,1,11,2.5052108385441714e-08,0.0018598040001087607,1.3470294925689307e-05,0.5646375328628486,1.0,1.258957328806749,johnson,
grcar,4,det,scalar,z,1,1,2.732050807568877,2.315655948151091,1.179817239149992,2.315655948151091,2.732050807568877,5.477225575051661,johnson,
grcar,4,det,scalar,1-z+0.5z^2,1,2,1.2621688994810694,1.288595361052098,0.9794920404265214,2.315655948151091,2.732050807568877,5.477225575051661,johnson,
grcar,8,det,scalar,z,1,1,3.2813810490256037,3.0942892845241046,1.060463566039939,3.0942892845241046,3.2813810490256037,6.48074069840786,johnson,
grcar,8,det,scalar,1-z+0.5z^2,1,2,3.62577799445119,3.0502310835009196,1.1886896091458368,3.0942892845241046,3.2813810490256037,6.48074069840786,johnson,
grcar,16,det,scalar,z,1,1,3.5230702928006568,3.4743547391585414,1.0140214679557775,3.4743547391585414,3.5230702928006568,6.48074069840786,johnson,
grcar,16,det,scalar,1-z+0.5z^2,1,2,4.354070545583442,4.133983246932478,1.0532385560135673,3.4743547391585414,3.5230702928006568,6.48074069840786,johnson,
random_triangular,2,2,scalar,z,1,1,3.0665316067612354,2.5787119591249645,1.1891718250695216,2.5787119591249645,3.0665316067612354,9.339060433347257,johnson,
random_triangular,2,2,scalar,z^1,1,1,3.0665316067612354,2.5787119591249645,1.1891718250695216,2.5787119591249645,3.0665316067612354,9.339060433347257,johnson,
random_triangular,2,2,scalar,0.4-1.1z+0.7z^2,1,2,5.076056028603674,5.403642320597138,0.9393767624580187,2.5787119591249645,3.0665316067612354,9.339060433347257,johnson,
random_triangular,2,3,scalar,z,1,1,3.6747750763412856,3.4868148115427005,1.0539060073326418,3.4868148115427005,3.6747750763412856,6.08130486454679,johnson,
random_triangular,2,3,scalar,z^1,1,1,3.6747750763412856,3.4868148115427005,1.0539060073326418,3.4868148115427005,3.6747750763412856,6.08130486454679,johnson,
random_triangular,2,3,scalar,0.4-1.1z+0.7z^2,1,2,13.264374592205842,12.746010563692462,1.0406687273577162,3.4868148115427005,3.6747750763412856,6.08130486454679,johnson,
random_triangular,2,4,scalar,z,1,1,2.55141128322178,2.5236262485932173,1.0110099641910333,2.5236262485932173,2.55141128322178,2.0470331583648513,johnson,
random_triangular,2,4,scalar,z^1,1,1,2.55141128322178,2.5236262485932173,1.0110099641910333,2.5236262485932173,2.55141128322178,2.0470331583648513,johnson,
random_triangular,2,4,scalar,0.4-1.1z+0.7z^2,1,2,2.0443280737522844,2.082093736359533,0.9818616895350348,2.5236262485932173,2.55141128322178,2.0470331583648513,johnson,
random_triangular,2,8,scalar,z,1,1,3.66279691555159,3.4668126724645316,1.0565315353332128,3.4668126724645316,3.66279691555159,9.079275092177587,johnson,
random_triangular,2,8,scalar,z^1,1,1,3.66279691555159,3.4668126724645316,1.0565315353332128,3.4668126724645316,3.66279691555159,9.079275092177587,johnson,
random_triangular,2,8,scalar,0.4-1.1z+0.7z^2,1,2,4.662384717222066,4.999659134461481,0.9325405176295597,3.4668126724645316,3.66279691555159,9.079275092177587,johnson,
random_triangular,2,16,scalar,z,1,1,2.4249087019101507,2.2961193056033675,1.05609002807149,2.2961193056033675,2.4249087019101507,3.9753181904367767,johnson,
random_triangular,2,16,scalar,z^1,1,1,2.4249087019101507,2.2961193056033675,1.05609002807149,2.2961193056033675,2.4249087019101507,3.9753181904367767,johnson,
random_triangular,2,16,scalar,0.4-1.1z+0.7z^2,1,2,2.275880018932856,2.3946389153264365,0.9504063449259568,2.2961193056033675,2.4249087019101507,3.9753181904367767,johnson,
random_triangular,2,42,scalar,z,1,1,2.8545006759464338,2.5385042279271315,1.1244813558090214,2.5385042279271315,2.8545006759464338,6.836384772836415,johnson,
random_triangular,2,42,scalar,z^1,1,1,2.8545006759464338,2.5385042279271315,1.1244813558090214,2.5385042279271315,2.8545006759464338,6.836384772836415,johnson,
random_triangular,2,42,scalar,0.4-1.1z+0.7z^2,1,2,8.024296842891422,7.70315725136259,1.0416893464653114,2.5385042279271315,2.8545006759464338,6.836384772836415,johnson,
random_triangular,2,99,scalar,z,1,1,2.5151336471803223,2.3442758228650256,1.0728829869970187,2.3442758228650256,2.5151336471803223,3.3584813387559103,johnson,
random_triangular,2,99,scalar,z^1,1,1,2.5151336471803223,2.3442758228650256,1.0728829869970187,2.3442758228650256,2.5151336471803223,3.3584813387559103,johnson,
random_triangular,2,99,scalar,0.4-1.1z+0.7z^2,1,2,7.1470145747063265,6.825643798720172,1.0470828518837172,2.3442758228650256,2.5151336471803223,3.3584813387559103,johnson,
random_triangular,3,2,scalar,z,1,1,3.6209773368694513,3.024144319023555,1.1973559972291943,3.024144319023555,3.6209773368694513,13.950400404629754,johnson,
random_triangular,3,2,scalar,z^2,1,2,8.648603995738274,9.14544886228244,0.9456729927611046,3.024144319023555,3.6209773368694513,13.950400404629754,johnson,
random_triangular,3,2,scalar,0.4-1.1z+0.7z^2,1,2,10.164287686200836,10.128265597499723,1.0035565900552614,3.024144319023555,3.6209773368694513,13.950400404629754,johnson,
random_triangular,3,3,scalar,z,1,1,4.973436142930604,4.640652438510777,1.0717105426078017,4.640652438510777,4.973436142930604,18.66140855986333,johnson,
random_triangular,3,3,scalar,z^2,1,2,21.09173749691962,21.535655055056026,0.97938685603008,4.640652438510777,4.973436142930604,18.66140855986333,johnson,
random_triangular,3,3,scalar,0.4-1.1z+0.7z^2,1,2,20.457053420563838,20.57966757569815,0.9940419759122299,4.640652438510777,4.973436142930604,18.66140855986333,johnson,
random_triangular,3,4,scalar,z,1,1,3.9525304910106085,3.777091715120604,1.0464481111717994,3.777091715120604,3.9525304910106085,7.208170123744708,johnson,
random_triangular,3,4,scalar,z^2,1,2,14.945860355795892,14.266421824432705,1.0476250134563931,3.777091715120604,3.9525304910106085,7.208170123744708,johnson,
random_triangular,3,4,scalar,0.4-1.1z+0.7z^2,1,2,6.620275814668009,6.2324626524685875,1.0622247069616717,3.777091715120604,3.9525304910106085,7.208170123744708,johnson,
random_triangular,3,8,scalar,z,1,1,3.999352003050779,3.6953968854495227,1.0822523607134236,3.6953968854495227,3.999352003050779,11.923455735682229,johnson,
random_triangular,3,8,scalar,z^2,1,2,14.206533387442104,13.655958140990034,1.0403175845127592,3.6953968854495227,3.999352003050779,11.923455735682229,johnson,
random_triangular,3,8,scalar,0.4-1.1z+0.7z^2,1,2,6.331622168755556,5.895125327189018,1.0740436915824947,3.6953968854495227,3.999352003050779,11.923455735682229,johnson,
random_triangular,3,16,scalar,z,1,1,2.9671049541986307,2.382316340587675,1.2454705966826802,2.382316340587675,2.9671049541986307,9.229997553094023,johnson,
random_triangular,3,16,scalar,z^2,1,2,6.195990450212888,5.675431146631051,1.091721543285895,2.382316340587675,2.9671049541986307,9.229997553094023,johnson,
random_triangular,3,16,scalar,0.4-1.1z+0.7z^2,1,2,4.8893981179184305,4.7807351514435235,1.0227293424615034,2.382316340587675,2.9671049541986307,9.229997553094023,johnson,
random_triangular,3,42,scalar,z,1,1,3.1968855603639956,2.329826990865627,1.372155775041571,2.329826990865627,3.1968855603639956,12.625517480586774,johnson,
random_triangular,3,42,scalar,z^2,1,2,5.057594249490425,5.428093807365982,0.9317440760930135,2.329826990865627,3.1968855603639956,12.625517480586774,johnson,
random_triangular,3,42,scalar,0.4-1.1z+0.7z^2,1,2,4.673882417974852,5.1123658488945765,0.9142308191784562,2.329826990865627,3.1968855603639956,12.625517480586774,johnson,
random_triangular,3,99,scalar,z,1,1,3.2912993705586757,2.2482847617686854,1.4639157043298507,2.2482847617686854,3.2912993705586757,14.216942618826923,johnson,
random_triangular,3,99,scalar,z^2,1,2,3.6901155978229663,5.054784370001275,0.730024334909866,2.2482847617686854,3.2912993705586757,14.216942618826923,johnson,
random_triangular,3,99,scalar,0.4-1.1z+0.7z^2,1,2,5.947640978551208,6.411311894037005,0.9276792451920729,2.2482847617686854,3.2912993705586757,14.216942618826923,johnson,
random_triangular,4,2,scalar,z,1,1,4.044324932102222,3.437920157564596,1.176387102301759,3.437920157564596,4.044324932102222,18.35661934980799,johnson,
random_triangular,4,2,scalar,z^3,1,3,38.04674746835204,40.63379256235616,0.9363326696607491,3.437920157564596,4.044324932102222,18.35661934980799,johnson,
random_triangular,4,2,scalar,0.4-1.1z+0.7z^2,1,2,12.57150312495824,12.455180114229242,1.0093393278669738,3.437920157564596,4.044324932102222,18.35661934980799,johnson,
random_triangular,4,3,scalar,z,1,1,5.391070875487915,4.236839596016485,1.2724274198524412,4.236839596016485,5.391070875487915,32.2829212999274,johnson,
random_triangular,4,3,scalar,z^3,1,3,57.59397185137766,76.05470158178171,0.7572703679528187,4.236839596016485,5.391070875487915,32.2829212999274,johnson,
random_triangular,4,3,scalar,0.4-1.1z+0.7z^2,1,2,12.111804246954739,10.248615495637482,1.1817990685776394,4.236839596016485,5.391070875487915,32.2829212999274,johnson,
random_triangular,4,4,scalar,z,1,1,4.780639237267338,4.347272422132493,1.0996870619215218,4.347272422132493,4.780639237267338,20.942729625153262,johnson,
random_triangular,4,4,scalar,z^3,1,3,79.72366062845853,82.15813429095134,0.9703684402828396,4.347272422132493,4.780639237267338,20.942729625153262,johnson,
random_triangular,4,4,scalar,0.4-1.1z+0.7z^2,1,2,9.470324689397247,8.847150911813426,1.0704377922107906,4.347272422132493,4.780639237267338,20.942729625153262,johnson,
random_triangular,4,8,scalar,z,1,1,4.376598459409425,3.960112520872634,1.1051702284573004,3.960112520872634,4.376598459409425,19.64837668816281,johnson,
random_triangular,4,8,scalar,z^3,1,3,58.70249587077542,62.10442967236238,0.9452223646600706,3.960112520872634,4.376598459409425,19.64837668816281,johnson,
random_triangular,4,8,scalar,0.4-1.1z+0.7z^2,1,2,13.838531664050622,13.531426754145663,1.0226956783999788,3.960112520872634,4.376598459409425,19.64837668816281,johnson,
random_triangular,4,16,scalar,z,1,1,3.4801592270854766,3.016780293447549,1.1536004907763378,3.016780293447549,3.4801592270854766,11.056019275817766,johnson,
random_triangular,4,16,scalar,z^3,1,3,28.332784057950008,27.455606852283136,1.0319489279689307,3.016780293447549,3.4801592270854766,11.056019275817766,johnson,
random_triangular,4,16,scalar,0.4-1.1z+0.7z^2,1,2,10.356013945605115,10.084171160325681,1.0269573751731773,3.016780293447549,3.4801592270854766,11.056019275817766,johnson,
random_triangular,4,42,scalar,z,1,1,3.288963683889188,2.9847408559375825,1.1019260440471443,2.9847408559375825,3.288963683889188,10.925823272222354,johnson,
random_triangular,4,42,scalar,z^3,1,3,26.88082657473467,26.590095130650738,1.0109338248943984,2.9847408559375825,3.288963683889188,10.925823272222354,johnson,
random_triangular,4,42,scalar,0.4-1.1z+0.7z^2,1,2,10.207151842298588,9.918095387730975,1.0291443511347134,2.9847408559375825,3.288963683889188,10.925823272222354,johnson,
random_triangular,4,99,scalar,z,1,1,3.7057310262748704,3.452278389355672,1.0734160482829724,3.452278389355672,3.7057310262748704,8.594340310615035,johnson,
random_triangular,4,99,scalar,z^3,1,3,41.85218763621452,41.14503432719578,1.0171868445507974,3.452278389355672,3.7057310262748704,8.594340310615035,johnson,
random_triangular,4,99,scalar,0.4-1.1z+0.7z^2,1,2,13.269144538705401,12.534946030911982,1.0585721315419179,3.452278389355672,3.7057310262748704,8.594340310615035,johnson,
random_triangular,8,2,scalar,z,1,1,6.102502512238224,5.364360645343689,1.1376010890571364,5.364360645343689,6.102502512238224,49.16014404472432,johnson,
random_triangular,8,2,scalar,z^4,1,4,786.3923160836256,828.0791902857038,0.9496583482701751,5.364360645343689,6.102502512238224,49.16014404472432,johnson,
random_triangular,8,2,scalar,0.4-1.1z+0.7z^2,1,2,20.55834092604879,20.639736966708988,0.9960563431214513,5.364360645343689,6.102502512238224,49.16014404472432,johnson,
random_triangular,8,3,scalar,z,1,1,7.512832905216291,6.691724335863081,1.122705079907824,6.691724335863081,7.512832905216291,61.22183990548222,johnson,
random_triangular,8,3,scalar,z^4,1,4,1708.2448377067544,2005.1744767093435,0.8519183031444351,6.691724335863081,7.512832905216291,61.22183990548222,johnson,
random_triangular,8,3,scalar,0.4-1.1z+0.7z^2,1,2,40.62873472057332,39.1063188232524,1.0389301765835268,6.691724335863081,7.512832905216291,61.22183990548222,johnson,
random_triangular,8,4,scalar,z,1,1,6.856578716746412,5.573200023877003,1.230276804595401,5.573200023877003,6.856578716746412,63.00832415627151,johnson,
random_triangular,8,4,scalar,z^4,1,4,795.9238054813054,964.7582947135093,0.8249981470412335,5.573200023877003,6.856578716746412,63.00832415627151,johnson,
random_triangular,8,4,scalar,0.4-1.1z+0.7z^2,1,2,20.756892933315335,21.486529443516723,0.9660421422585048,5.573200023877003,6.856578716746412,63.00832415627151,johnson,
random_triangular,8,8,scalar,z,1,1,7.328479873401633,6.155505786304774,1.1905568978111563,6.155505786304774,7.328479873401633,68.0499031409793,johnson,
random_triangular,8,8,scalar,z^4,1,4,1201.213051748847,1435.671157614093,0.8366909409429898,6.155505786304774,7.328479873401633,68.0499031409793,johnson,
random_triangular,8,8,scalar,0.4-1.1z+0.7z^2,1,2,34.802371781075294,33.693043514196575,1.0329245491405756,6.155505786304774,7.328479873401633,68.0499031409793,johnson,
random_triangular,8,16,scalar,z,1,1,6.711473331761985,6.090539303500754,1.1019505822586724,6.090539303500754,6.711473331761985,55.16965565826729,johnson,
random_triangular,8,16,scalar,z^4,1,4,1179.9448467470677,1376.0144687750494,0.857509040437252,6.090539303500754,6.711473331761985,55.16965565826729,johnson,
random_triangular,8,16,scalar,0.4-1.1z+0.7z^2,1,2,21.143394363464353,19.677059806229284,1.0745200030733688,6.090539303500754,6.711473331761985,55.16965565826729,johnson,
random_triangular,8,42,scalar,z,1,1,5.169386286267814,4.193098002733559,1.2328322121013615,4.193098002733559,5.169386286267814,36.32771033175168,johnson,
random_triangular,8,42,scalar,z^4,1,4,240.5967199562898,309.1292157446336,0.7783046949371575,4.193098002733559,5.169386286267814,36.32771033175168,johnson,
random_triangular,8,42,scalar,0.4-1.1z+0.7z^2,1,2,18.011073867666923,17.31808505265083,1.040015325765479,4.193098002733559,5.169386286267814,36.32771033175168,johnson,
random_triangular,8,99,scalar,z,1,1,5.874674103181798,4.830449146671205,1.2161755407838621,4.830449146671205,5.874674103181798,44.87876621842463,johnson,
random_triangular,8,99,scalar,z^4,1,4,504.2622886293854,544.4400402980357,0.9262035326302299,4.830449146671205,5.874674103181798,44.87876621842463,johnson,
random_triangular,8,99,scalar,0.4-1.1z+0.7z^2,1,2,23.522200619005353,22.045910405087103,1.0669643569619878,4.830449146671205,5.874674103181798,44.87876621842463,johnson,
random_triangular,16,2,scalar,z,1,1,10.779820731195473,7.927083394645215,1.3598722499219948,7.927083394645215,10.779820731195473,186.0843380658563,johnson,
random_triangular,16,2,scalar,z^4,1,4,3208.7343153233205,3948.6960778059465,0.81260604819863,7.927083394645215,10.779820731195473,186.0843380658563,johnson,
random_triangular,16,2,scalar,0.4-1.1z+0.7z^2,1,2,54.45914861409096,53.104148011106,1.0255159089022872,7.927083394645215,10.779820731195473,186.0843380658563,johnson,
random_triangular,16,3,scalar,z,1,1,10.703729320156784,8.267845240357612,1.2946213927552679,8.267845240357612,10.703729320156784,181.34628325929037,johnson,
random_triangular,16,3,scalar,z^4,1,4,3412.3054831935387,4672.715667138542,0.7302617420509886,8.267845240357612,10.703729320156784,181.34628325929037,johnson,
random_triangular,16,3,scalar,0.4-1.1z+0.7z^2,1,2,46.7632787102069,47.644030020135865,0.9815139208510125,8.267845240357612,10.703729320156784,181.34628325929037,johnson,
random_triangular,16,4,scalar,z,1,1,10.297023566377403,8.151378787229566,1.2632247666504386,8.151378787229566,10.297023566377403,180.94531418699404,johnson,
random_triangular,16,4,scalar,z^4,1,4,3532.099918606516,4414.934853301138,0.8000344367404406,8.151378787229566,10.297023566377403,180.94531418699404,johnson,
random_triangular,16,4,scalar,0.4-1.1z+0.7z^2,1,2,53.05348771795893,51.44697895764589,1.0312264936224071,8.151378787229566,10.297023566377403,180.94531418699404,johnson,
random_triangular,16,8,scalar,z,1,1,10.941360400379118,8.135747684197902,1.3448500156452208,8.135747684197902,10.941360400379118,200.7305347669708,johnson,
random_triangular,16,8,scalar,z^4,1,4,2910.6824341208116,4381.167778780112,0.6643622388118766,8.135747684197902,10.941360400379118,200.7305347669708,johnson,
random_triangular,16,8,scalar,0.4-1.1z+0.7z^2,1,2,49.979880425258685,48.16109565397923,1.0377646053641885,8.135747684197902,10.941360400379118,200.7305347669708,johnson,
random_triangular,16,16,scalar,z,1,1,10.734416726183392,8.236409098827222,1.3032884352128478,8.236409098827222,10.734416726183392,180.76225326754198,johnson,
random_triangular,16,16,scalar,z^4,1,4,3437.4188150536493,4602.0532419810415,0.7469315616987401,8.236409098827222,10.734416726183392,180.76225326754198,johnson,
random_triangular,16,16,scalar,0.4-1.1z+0.7z^2,1,2,48.65623582748333,44.68800269463062,1.0887986236478076,8.236409098827222,10.734416726183392,180.76225326754198,johnson,
random_triangular,16,42,scalar,z,1,1,10.63452048074394,8.824466336383807,1.2051176893153495,8.824466336383807,10.63452048074394,167.5475337346766,johnson,
random_triangular,16,42,scalar,z^4,1,4,4416.576095736351,6063.924742890497,0.7283362315659441,8.824466336383807,10.63452048074394,167.5475337346766,johnson,
random_triangular,16,42,scalar,0.4-1.1z+0.7z^2,1,2,67.9608285770849,64.57298733836882,1.0524653013335663,8.824466336383807,10.63452048074394,167.5475337346766,johnson,
random_triangular,16,99,scalar,z,1,1,10.912252939485736,8.49906578322714,1.283935578075064,8.49906578322714,10.912252939485736,197.74145106485702,johnson,
random_triangular,16,99,scalar,z^4,1,4,4104.993903405166,5217.767974811632,0.7867336997777027,8.49906578322714,10.912252939485736,197.74145106485702,johnson,
random_triangular,16,99,scalar,0.4-1.1z+0.7z^2,1,2,62.05988303738669,60.30859492811838,1.0290387814764324,8.49906578322714,10.912252939485736,197.74145106485702,johnson,
ginibre,2,2,scalar,z,1,1,3.0665316067612354,2.8817242245973933,1.0641308354860575,2.8817242245973933,3.0665316067612354,5.076830079416582,johnson,
ginibre,2,2,scalar,z^1,1,1,3.0665316067612354,2.8817242245973933,1.0641308354860575,2.8817242245973933,3.0665316067612354,5.076830079416582,johnson,
ginibre,2,2,scalar,0.4-1.1z+0.7z^2,1,2,9.367786499101802,9.177588472604244,1.0207241833805594,2.8817242245973933,3.0665316067612354,5.076830079416582,johnson,
ginibre,2,7,scalar,z,1,1,1.9596860081723917,1.6869816430141495,1.1616522422087523,1.6869816430141495,1.9596860081723917,3.8367771477945323,johnson,
ginibre,2,7,scalar,z^1,1,1,1.9596860081723917,1.6869816430141495,1.1616522422087523,1.6869816430141495,1.9596860081723917,3.8367771477945323,johnson,
ginibre,2,7,scalar,0.4-1.1z+0.7z^2,1,2,3.635199080952702,3.450769066665257,1.0534460610734737,1.6869816430141495,1.9596860081723917,3.8367771477945323,johnson,
ginibre,2,42,scalar,z,1,1,2.8545006759464338,2.6458383164828962,1.0788643652802306,2.6458383164828962,2.8545006759464338,5.829043526421504,johnson,
ginibre,2,42,scalar,z^1,1,1,2.8545006759464338,2.6458383164828962,1.0788643652802306,2.6458383164828962,2.8545006759464338,5.829043526421504,johnson,
ginibre,2,42,scalar,0.4-1.1z+0.7z^2,1,2,4.322161892279971,4.342146135615681,0.9953976115239898,2.6458383164828962,2.8545006759464338,5.829043526421504,johnson,
ginibre,4,2,scalar,z,1,1,4.044324932102222,2.8970984939188895,1.3959915206857483,2.8970984939188895,4.044324932102222,20.151096039581653,johnson,
ginibre,4,2,scalar,z^3,1,3,23.321383690965234,24.315868220163143,0.9591014180454694,2.8970984939188895,4.044324932102222,20.151096039581653,johnson,
ginibre,4,2,scalar,0.4-1.1z+0.7z^2,1,2,7.514426046104994,6.5466518704610275,1.1478273466793971,2.8970984939188895,4.044324932102222,20.151096039581653,johnson,
ginibre,4,7,scalar,z,1,1,4.3929598891915305,3.9289936288511216,1.1180878118339117,3.9289936288511216,4.3929598891915305,15.026797554732832,johnson,
ginibre,4,7,scalar,z^3,1,3,57.49015221308192,60.6518390344191,0.9478715423691776,3.9289936288511216,4.3929598891915305,15.026797554732832,johnson,
ginibre,4,7,scalar,0.4-1.1z+0.7z^2,1,2,12.776980500867513,12.169470850229235,1.0499207942658275,3.9289936288511216,4.3929598891915305,15.026797554732832,johnson,
ginibre,4,42,scalar,z,1,1,3.288963683889187,2.844149493916559,1.156396205939264,2.844149493916559,3.288963683889187,12.797876968855974,johnson,
ginibre,4,42,scalar,z^3,1,3,22.77910138946981,23.006855245761418,0.9901006089768148,2.844149493916559,3.288963683889187,12.797876968855974,johnson,
ginibre,4,42,scalar,0.4-1.1z+0.7z^2,1,2,9.34017013414864,9.131082868577744,1.022898408499874,2.844149493916559,3.288963683889187,12.797876968855974,johnson,
ginibre,8,2,scalar,z,1,1,6.102502512238223,4.600867898806152,1.3263807278234874,4.600867898806152,6.102502512238223,53.64657528605523,johnson,
ginibre,8,2,scalar,z^4,1,4,435.5404027681222,448.0836068372207,0.9720070007523056,4.600867898806152,6.102502512238223,53.64657528605523,johnson,
ginibre,8,2,scalar,0.4-1.1z+0.7z^2,1,2,21.378626428585275,16.901350505613813,1.264906400318976,4.600867898806152,6.102502512238223,53.64657528605523,johnson,
ginibre,8,7,scalar,z,1,1,6.613946004269383,5.411874550400893,1.22211739068849,5.411874550400893,6.613946004269383,50.46342004278308,johnson,
ginibre,8,7,scalar,z^4,1,4,596.4065460325806,857.8095632291528,0.6952668419636846,5.411874550400893,6.613946004269383,50.46342004278308,johnson,
ginibre,8,7,scalar,0.4-1.1z+0.7z^2,1,2,28.235868551292082,26.845360547209683,1.0517969576768054,5.411874550400893,6.613946004269383,50.46342004278308,johnson,
ginibre,8,42,scalar,z,1,1,5.169386286267815,3.9778043046198377,1.2995577183784706,3.9778043046198377,5.169386286267815,35.44258057973939,johnson,
ginibre,8,42,scalar,z^4,1,4,209.6954105297045,250.3650215641923,0.8375587341218896,3.9778043046198377,5.169386286267815,35.44258057973939,johnson,
ginibre,8,42,scalar,0.4-1.1z+0.7z^2,1,2,15.38109599847873,13.768254527839193,1.1171420434869501,3.9778043046198377,5.169386286267815,35.44258057973939,johnson,
mild_nonnormal,4,1,scalar,z,1,1,3.1278434001199416,3.0756208233633764,1.0169795237305803,3.0756208233633764,3.1278434001199416,3.5375191426926937,johnson,
mild_nonnormal,4,1,scalar,z^3,1,3,29.00119876013368,29.093661249499974,0.9968219025933739,3.0756208233633764,3.1278434001199416,3.5375191426926937,johnson,
mild_nonnormal,4,1,scalar,0.4-1.1z+0.7z^2,1,2,5.504335908487258,5.492309111416532,1.0021897524022687,3.0756208233633764,3.1278434001199416,3.5375191426926937,johnson,
mild_nonnormal,4,2,scalar,z,1,1,2.9640500444640905,2.92558028116621,1.0131494471525988,2.92558028116621,2.9640500444640905,3.1831222552558036,johnson,
mild_nonnormal,4,2,scalar,z^3,1,3,24.924494075625006,25.040100084126042,0.9953831650787082,2.92558028116621,2.9640500444640905,3.1831222552558036,johnson,
mild_nonnormal,4,2,scalar,0.4-1.1z+0.7z^2,1,2,6.73926897312919,6.743319561005658,0.9993993184158301,2.92558028116621,2.9640500444640905,3.1831222552558036,johnson,
mild_nonnormal,4,3,scalar,z,1,1,2.9325255631371547,2.895269640911384,1.0128678592485234,2.895269640911384,2.9325255631371547,3.639022089161742,johnson,
mild_nonnormal,4,3,scalar,z^3,1,3,24.106194088087076,24.26984760813112,0.9932569201633876,2.895269640911384,2.9325255631371547,3.639022089161742,johnson,
mild_nonnormal,4,3,scalar,0.4-1.1z+0.7z^2,1,2,5.1361656816591905,5.150274244321928,0.9972606191450307,2.895269640911384,2.9325255631371547,3.639022089161742,johnson,
mild_nonnormal,8,1,scalar,z,1,1,4.157220579991445,4.045779004228586,1.027545146595101,4.045779004228586,4.157220579991445,11.265645321083829,johnson,
mild_nonnormal,8,1,scalar,z^4,1,4,264.90696006943267,267.92215336601777,0.988746009769241,4.045779004228586,4.157220579991445,11.265645321083829,johnson,
mild_nonnormal,8,1,scalar,0.4-1.1z+0.7z^2,1,2,16.316852937037325,16.307529975972095,1.0005716966995595,4.045779004228586,4.157220579991445,11.265645321083829,johnson,
mild_nonnormal,8,2,scalar,z,1,1,4.433183060794549,4.263813681514968,1.0397225094552918,4.263813681514968,4.433183060794549,10.027925197252218,johnson,
mild_nonnormal,8,2,scalar,z^4,1,4,325.57115917508304,330.5162945555873,0.9850381495195161,4.263813681514968,4.433183060794549,10.027925197252218,johnson,
mild_nonnormal,8,2,scalar,0.4-1.1z+0.7z^2,1,2,17.543062536309836,17.456763056336136,1.0049436129536269,4.263813681514968,4.433183060794549,10.027925197252218,johnson,
mild_nonnormal,8,3,scalar,z,1,1,5.7596754231782885,5.693637773904931,1.0115984985163653,5.693637773904931,5.7596754231782885,13.17109020700844,johnson,
mild_nonnormal,8,3,scalar,z^4,1,4,1039.7951330091705,1050.8950259469627,0.989437676776717,5.693637773904931,5.7596754231782885,13.17109020700844,johnson,
mild_nonnormal,8,3,scalar,0.4-1.1z+0.7z^2,1,2,22.518041543325033,22.525770165526588,0.9996568986478703,5.693637773904931,5.7596754231782885,13.17109020700844,johnson,
mild_nonnormal,16,1,scalar,z,1,1,7.041593337235867,6.80507612471863,1.0347559980494732,6.80507612471863,7.041593337235867,37.26198261739612,johnson,
mild_nonnormal,16,1,scalar,z^4,1,4,2084.2670998377785,2144.5291365566227,0.971899641888007,6.80507612471863,7.041593337235867,37.26198261739612,johnson,
mild_nonnormal,16,1,scalar,0.4-1.1z+0.7z^2,1,2,40.49041228264625,40.301913324422046,1.0046771714461005,6.80507612471863,7.041593337235867,37.26198261739612,johnson,
mild_nonnormal,16,2,scalar,z,1,1,7.912687235625053,7.778863685852199,1.0172034830763579,7.778863685852199,7.912687235625053,41.14802419339884,johnson,
mild_nonnormal,16,2,scalar,z^4,1,4,3615.20484213472,3661.5472643350886,0.98734348654959,7.778863685852199,7.912687235625053,41.14802419339884,johnson,
mild_nonnormal,16,2,scalar,0.4-1.1z+0.7z^2,1,2,42.467609782410804,42.476631071247475,0.9997876176003333,7.778863685852199,7.912687235625053,41.14802419339884,johnson,
mild_nonnormal,16,3,scalar,z,1,1,7.50886556759886,7.229616235046619,1.0386257476847165,7.229616235046619,7.50886556759886,42.024418956208564,johnson,
mild_nonnormal,16,3,scalar,z^4,1,4,2659.2837798305763,2731.875970736129,0.9734277135261041,7.229616235046619,7.50886556759886,42.024418956208564,johnson,
mild_nonnormal,16,3,scalar,0.4-1.1z+0.7z^2,1,2,44.83227727487479,44.939166020886,0.9976214790910555,7.229616235046619,7.50886556759886,42.024418956208564,johnson,
perturbed_nilpotent,3,1,scalar,z,1,1,1.06733875172775,0.7793145259054283,1.3695866254869142,0.7793145259054283,1.06733875172775,1.5096123454867476,johnson,
perturbed_nilpotent,3,1,scalar,z^2,1,2,1.0702733101151944,0.6073311302872024,1.7622566286188395,0.7793145259054283,1.06733875172775,1.5096123454867476,johnson,
perturbed_nilpotent,3,1,scalar,0.4-1.1z+0.7z^2,1,2,1.687542000673313,1.4929159771039515,1.130366361238165,0.7793145259054283,1.06733875172775,1.5096123454867476,johnson,
perturbed_nilpotent,3,2,scalar,z,1,1,1.0420516062224066,0.7512571826348283,1.3870770627013462,0.7512571826348283,1.0420516062224066,1.448792049309339,johnson,
perturbed_nilpotent,3,2,scalar,z^2,1,2,1.0238756651339187,0.5643873544604198,1.8141364384621814,0.7512571826348283,1.0420516062224066,1.448792049309339,johnson,
perturbed_nilpotent,3,2,scalar,0.4-1.1z+0.7z^2,1,2,1.6608780859664172,1.4646642717481635,1.1339650444153053,0.7512571826348283,1.0420516062224066,1.448792049309339,johnson,
perturbed_nilpotent,3,3,scalar,z,1,1,0.996444672843339,0.7151748425695489,1.393288205249526,0.7151748425695489,0.996444672843339,1.3450798534924944,johnson,
perturbed_nilpotent,3,3,scalar,z^2,1,2,0.9479185845238172,0.5114750554443789,1.8533036448869402,0.7151748425695489,0.996444672843339,1.3450798534924944,johnson,
perturbed_nilpotent,3,3,scalar,0.4-1.1z+0.7z^2,1,2,1.6613361771898252,1.4927660863435077,1.1129246520191423,0.7151748425695489,0.996444672843339,1.3450798534924944,johnson,
perturbed_nilpotent,5,1,scalar,z,1,1,1.0555628076911752,0.9228095154164684,1.1438577410147257,0.9228095154164684,1.0555628076911752,1.4482078124244582,johnson,
perturbed_nilpotent,5,1,scalar,z^4,1,4,1.0450338225008693,0.7251840711596604,1.4410600895159333,0.9228095154164684,1.0555628076911752,1.4482078124244582,johnson,
perturbed_nilpotent,5,1,scalar,0.4-1.1z+0.7z^2,1,2,2.052174530630527,1.9233981146228853,1.0669525539349354,0.9228095154164684,1.0555628076911752,1.4482078124244582,johnson,
perturbed_nilpotent,5,2,scalar,z,1,1,1.0484768354328484,0.8919606541355015,1.1754743110827508,0.8919606541355015,1.0484768354328484,1.3978154332195385,johnson,
perturbed_nilpotent,5,2,scalar,z^4,1,4,0.9798996815211438,0.6329695081646374,1.5480993458317882,0.8919606541355015,1.0484768354328484,1.3978154332195385,johnson,
perturbed_nilpotent,5,2,scalar,0.4-1.1z+0.7z^2,1,2,1.9722091059845006,1.8465428748191886,1.0680548677634236,0.8919606541355015,1.0484768354328484,1.3978154332195385,johnson,
perturbed_nilpotent,5,3,scalar,z,1,1,1.0278574893975814,0.8882466415161294,1.1571757678060601,0.8882466415161294,1.0278574893975814,1.3671356260302128,johnson,
perturbed_nilpotent,5,3,scalar,z^4,1,4,0.9444212455224023,0.6224927480684176,1.5171602375335653,0.8882466415161294,1.0278574893975814,1.3671356260302128,johnson,
perturbed_nilpotent,5,3,scalar,0.4-1.1z+0.7z^2,1,2,2.021443182868829,1.8830077232571711,1.07351826437132,0.8882466415161294,1.0278574893975814,1.3671356260302128,johnson,
perturbed_nilpotent,8,1,scalar,z,1,1,1.0490478410867414,0.9492282204533549,1.1051587157677554,0.9492282204533549,1.0490478410867414,1.4339731811867074,johnson,
perturbed_nilpotent,8,1,scalar,z^4,1,4,1.034992281747809,0.8118626557087197,1.2748366666087223,0.9492282204533549,1.0490478410867414,1.4339731811867074,johnson,
perturbed_nilpotent,8,1,scalar,0.4-1.1z+0.7z^2,1,2,2.124189614411854,2.0524341812451534,1.0349611372790375,0.9492282204533549,1.0490478410867414,1.4339731811867074,johnson,
perturbed_nilpotent,8,2,scalar,z,1,1,1.0608575877205433,0.9776732456313013,1.085083991467444,0.9776732456313013,1.0608575877205433,1.4654306131970787,johnson,
perturbed_nilpotent,8,2,scalar,z^4,1,4,1.08029535935042,0.9136396166595222,1.1824086211368874,0.9776732456313013,1.0608575877205433,1.4654306131970787,johnson,
perturbed_nilpotent,8,2,scalar,0.4-1.1z+0.7z^2,1,2,2.1427963010855073,2.0668867726294673,1.0367265055160564,0.9776732456313013,1.0608575877205433,1.4654306131970787,johnson,
perturbed_nilpotent,8,3,scalar,z,1,1,1.0549327159502886,0.9628203157353963,1.0956693566904407,0.9628203157353963,1.0549327159502886,1.3725735875949052,johnson,
perturbed_nilpotent,8,3,scalar,z^4,1,4,1.0600967345940868,0.859371569095446,1.233572034166687,0.9628203157353963,1.0549327159502886,1.3725735875949052,johnson,
perturbed_nilpotent,8,3,scalar,0.4-1.1z+0.7z^2,1,2,2.156474018908499,2.076019298359002,1.0387543220879945,0.9628203157353963,1.0549327159502886,1.3725735875949052,johnson,
cem_stiffness,6,11,scalar,z,1,1,11.403593662349564,11.40131972608811,1.0001994450042702,11.40131972608811,11.403593662349564,5.633409697327727,johnson,
cem_stiffness,6,11,scalar,1-0.2z^2,1,2,25.001204759265427,24.998018299297172,1.0001274685029071,11.40131972608811,11.403593662349564,5.633409697327727,johnson,
cem_stiffness,6,22,scalar,z,1,1,28.429915135664896,28.428934697297613,1.0000344873410743,28.428934697297613,28.429915135664896,13.50751480172573,johnson,
cem_stiffness,6,22,scalar,1-0.2z^2,1,2,160.64267030513682,160.64086560464244,1.0000112343797924,28.428934697297613,28.429915135664896,13.50751480172573,johnson,
cem_stiffness,12,11,scalar,z,1,1,37.86523240867422,37.86425329968662,1.0000258583994739,37.86425329968662,37.86523240867422,24.639104763934753,johnson,
cem_stiffness,12,11,scalar,1-0.2z^2,1,2,285.7441691086063,285.74033558856576,1.0000134160969352,37.86425329968662,37.86523240867422,24.639104763934753,johnson,
cem_stiffness,12,22,scalar,z,1,1,45.24208964877841,45.24019577106473,1.0000418627214451,45.24019577106473,45.24208964877841,31.032292812096912,johnson,
cem_stiffness,12,22,scalar,1-0.2z^2,1,2,408.3514295603593,408.3350626808526,1.0000400819841413,45.24019577106473,45.24208964877841,31.032292812096912,johnson,
cem_jacobian,6,11,scalar,z,1,1,1.2964799048907252,1.295217054017611,1.0009750109985018,1.295217054017611,1.2964799048907252,0.11726705641979986,johnson,
cem_jacobian,6,11,scalar,1-0.2z^2,1,2,0.8826563473567425,0.8788461668721929,1.0043354350603928,1.295217054017611,1.2964799048907252,0.11726705641979986,johnson,
cem_jacobian,6,22,scalar,z,1,1,1.3037330065621144,1.300826190134883,1.0022345924838199,1.300826190134883,1.3037330065621144,0.13377591423293747,johnson,
cem_jacobian,6,22,scalar,1-0.2z^2,1,2,0.9261078566624054,0.9227878054294051,1.0035978490542095,1.300826190134883,1.3037330065621144,0.13377591423293747,johnson,
cem_jacobian,12,11,scalar,z,1,1,1.4398304810091735,1.4285863964922172,1.007870776695456,1.4285863964922172,1.4398304810091735,0.3908400616840952,johnson,
cem_jacobian,12,11,scalar,1-0.2z^2,1,2,0.94798810094947,0.9383873398146496,1.010231128157288,1.4285863964922172,1.4398304810091735,0.3908400616840952,johnson,
cem_jacobian,12,22,scalar,z,1,1,1.384421431595356,1.3687261889761393,1.0114670434054873,1.3687261889761393,1.384421431595356,0.48261023664752584,johnson,
cem_jacobian,12,22,scalar,1-0.2z^2,1,2,0.9485356733752369,0.9390726564672331,1.0100769805646386,1.3687261889761393,1.384421431595356,0.48261023664752584,johnson,
nilpotent_shift,2,1000,cb,rand_k2_deg1,2,1,3.952459223616993,3.3251115361527455,1.1886696673610258,0.5000000000000003,1.0,1.4142135623730951,johnson,
nilpotent_shift,2,1001,cb,rand_k2_deg1,2,1,3.4318553558198994,2.709808482394566,1.2664567913623495,0.5000000000000003,1.0,1.4142135623730951,johnson,
nilpotent_shift,2,1002,cb,rand_k3_deg1,3,1,5.351379871843635,4.832088319238323,1.1074673139846847,0.5000000000000003,1.0,1.4142135623730951,johnson,
nilpotent_shift,2,1003,cb,rand_k4_deg1,4,1,5.938317179126856,5.396674430372458,1.1003660227687695,0.5000000000000003,1.0,1.4142135623730951,johnson,
nilpotent_shift,2,det,cb,z*I_2,2,1,1.0,0.5000000000000003,1.9999999999999987,0.5000000000000003,1.0,1.4142135623730951,johnson,amplification_of_scalar_z
nilpotent_shift,2,det,cb,z*I_3,3,1,1.0,0.5000000000000003,1.9999999999999987,0.5000000000000003,1.0,1.4142135623730951,johnson,amplification_of_scalar_z
nilpotent_shift,3,2005,cb,rand_k2_deg2,2,2,5.390115676218274,4.385897016969151,1.2289653987231743,0.7071067811865479,1.0,1.4142135623730951,johnson,
nilpotent_shift,5,2006,cb,rand_k2_deg2,2,2,4.930905395148251,4.607485891406922,1.0701943557427955,0.8660254037844392,1.0,1.4142135623730951,johnson,
nilpotent_shift,8,2007,cb,rand_k2_deg2,2,2,4.4716731275437835,4.389152025937798,1.018801149087187,0.9396926207859089,1.0,1.4142135623730951,johnson,
random_triangular,4,8,cb,rand_k2_deg2,2,2,53.74164231274976,51.429266734319434,1.0449622505873148,3.960112520872634,4.376598459409425,19.64837668816281,johnson,
random_triangular,4,8,cb,rand_k3_deg1,3,1,15.991274002434974,14.640310038813737,1.0922770050661237,3.960112520872634,4.376598459409425,19.64837668816281,johnson,
random_triangular,8,9,cb,rand_k2_deg2,2,2,72.83572536559755,71.4928274672875,1.0187836730744007,5.713565473093322,7.492839011064591,85.50299469224255,johnson,
random_triangular,8,9,cb,rand_k3_deg1,3,1,25.868597199116042,20.04806566051266,1.2903288345701949,5.713565473093322,7.492839011064591,85.50299469224255,johnson,
mild_nonnormal,4,10,cb,rand_k2_deg1,2,1,5.310486874834166,5.2782322176347725,1.0061108825586773,2.170710905854286,2.2017257082646164,2.003252837914888,johnson,
mild_nonnormal,8,11,cb,rand_k2_deg1,2,1,13.714288271357178,13.565799963392957,1.010945783393896,4.0280364794537835,4.2360092901774244,10.358233870358742,johnson,
cem_stiffness,6,12,cb,rand_k2_deg1,2,1,29.61990345020301,29.612081201860594,1.000264157331229,13.414900090694466,13.418668166064966,8.761915191312442,johnson,
cem_jacobian,6,12,cb,rand_k2_deg1,2,1,3.485488543729301,3.4760456591423097,1.0027165594220995,1.3439325752049414,1.347651319089605,0.13600075680156382,johnson,
